job_id,fraudulent
12799,0.0
7147,0.0
714,0.0
4332,0.0
3268,0.0
6222,0.0
17293,0.0
12966,0.0
1317,0.0
15000,0.0
15760,0.0
13055,0.0
5312,0.0
4781,0.0
464,0.0
1744,0.0
8542,0.0
4823,0.0
2226,0.0
1227,0.0
4608,0.0
1888,0.0
1396,0.0
15491,0.0
5215,0.0
4253,1.0
14759,0.0
23,0.0
5756,0.0
1945,0.0
16405,0.0
10362,0.0
12699,0.0
1799,1.0
14476,0.0
10436,0.0
13176,0.0
8798,0.0
2483,0.0
16001,0.0
16635,0.0
17306,0.0
9336,0.0
2515,0.0
15719,0.0
17350,0.0
6799,0.0
4548,0.0
17657,1.0
1561,0.0
13283,0.0
9767,0.0
5599,0.0
17693,0.0
1615,0.0
13766,0.0
15001,0.0
6130,0.0
12698,0.0
5008,0.0
17771,1.0
6126,0.0
17606,0.0
598,0.0
12284,0.0
1821,0.0
17261,0.0
5560,0.0
15575,0.0
3138,0.0
3240,0.0
17117,0.0
8310,0.0
2463,0.0
13787,0.0
9448,0.0
14789,0.0
13007,0.0
15908,0.0
13628,0.0
3173,0.0
858,0.0
6994,0.0
1972,0.0
1868,0.0
14991,0.0
2769,0.0
9001,0.0
6587,0.0
16670,0.0
13597,0.0
7831,0.0
11076,0.0
9658,0.0
16319,0.0
17006,0.0
6974,0.0
6172,0.0
4739,0.0
466,0.0
9201,0.0
10329,0.0
11541,0.0
13736,0.0
10386,0.0
4068,0.0
15295,0.0
15666,0.0
11467,0.0
2252,0.0
3475,0.0
14434,0.0
5184,0.0
11977,0.0
6395,0.0
10714,0.0
4065,0.0
4544,0.0
2435,1.0
11040,0.0
3068,0.0
4749,0.0
5231,0.0
8746,0.0
9181,0.0
2012,0.0
16188,0.0
5472,0.0
16360,0.0
7329,0.0
7204,0.0
16640,0.0
16444,0.0
13627,0.0
16347,0.0
4678,0.0
7537,1.0
14647,0.0
3028,0.0
13395,0.0
11091,0.0
5430,0.0
5291,0.0
17275,0.0
4007,0.0
9848,0.0
8558,0.0
10526,0.0
7566,0.0
15544,0.0
4606,1.0
10693,0.0
7002,0.0
2721,0.0
9364,0.0
6712,0.0
932,0.0
4987,0.0
17052,0.0
9117,0.0
2911,0.0
9233,0.0
14683,0.0
16220,0.0
10859,0.0
1937,0.0
5139,0.0
676,0.0
15786,0.0
15945,0.0
17378,0.0
7449,0.0
10887,0.0
2446,0.0
17165,0.0
5345,0.0
6579,0.0
15396,0.0
16173,0.0
15319,0.0
16434,0.0
13108,0.0
974,0.0
12858,0.0
12434,0.0
2575,0.0
12883,0.0
15469,0.0
7581,0.0
1910,0.0
10683,0.0
12716,0.0
12373,0.0
2397,0.0
7067,0.0
983,0.0
16902,0.0
3562,0.0
14388,0.0
14248,0.0
130,0.0
1082,0.0
6778,0.0
5688,0.0
14546,0.0
3792,0.0
13724,0.0
6124,0.0
8360,0.0
10642,0.0
17462,0.0
6898,0.0
4874,0.0
11702,0.0
17595,0.0
5362,0.0
16609,0.0
12157,0.0
14041,0.0
282,0.0
7030,0.0
2685,0.0
6894,0.0
16634,0.0
11340,0.0
13584,0.0
12830,0.0
8812,0.0
6545,0.0
16443,0.0
9137,0.0
14213,0.0
7169,0.0
4314,0.0
5803,1.0
15994,0.0
6158,0.0
16688,0.0
7129,0.0
8546,0.0
3633,0.0
9080,0.0
12576,0.0
936,0.0
14879,0.0
6878,0.0
5570,0.0
17043,0.0
17000,0.0
1226,0.0
4504,0.0
16484,0.0
10302,1.0
8214,0.0
12641,1.0
3276,0.0
16777,1.0
14279,0.0
7117,0.0
12863,0.0
12916,0.0
9665,0.0
5912,0.0
13339,0.0
2372,0.0
3923,0.0
16134,0.0
10643,0.0
12511,0.0
11882,0.0
15658,0.0
2329,0.0
15620,0.0
4462,0.0
15746,0.0
14926,0.0
10626,0.0
16102,0.0
11872,0.0
15430,0.0
16617,0.0
5428,0.0
16780,0.0
4508,0.0
9803,0.0
5368,0.0
565,1.0
16664,0.0
3250,0.0
12321,0.0
9034,0.0
17542,1.0
16252,1.0
15550,0.0
6136,0.0
4189,0.0
16983,0.0
14334,0.0
15090,0.0
16271,0.0
11626,0.0
2919,0.0
9545,0.0
1075,0.0
14201,0.0
13926,0.0
423,0.0
5792,0.0
15860,0.0
4163,0.0
17538,0.0
10952,0.0
12935,0.0
6141,0.0
15564,0.0
12412,0.0
1711,0.0
12494,0.0
4623,0.0
11245,0.0
168,0.0
8207,0.0
9494,0.0
5109,0.0
4105,0.0
8430,0.0
15146,1.0
12657,0.0
652,0.0
17861,0.0
7057,0.0
12960,0.0
3325,0.0
3761,0.0
5660,0.0
17455,0.0
5277,0.0
4860,0.0
8335,0.0
6513,0.0
2991,0.0
683,0.0
2798,0.0
17613,0.0
4223,0.0
13939,0.0
15342,0.0
10827,0.0
10648,0.0
3293,0.0
4109,0.0
7473,0.0
7490,0.0
4554,0.0
9754,0.0
13344,0.0
137,0.0
10203,0.0
3706,0.0
10163,0.0
10199,0.0
9589,0.0
14667,0.0
6532,0.0
11211,0.0
10150,0.0
7711,0.0
12280,0.0
993,0.0
9490,0.0
16106,0.0
1588,1.0
1284,0.0
2541,0.0
3929,0.0
9210,0.0
6114,0.0
15215,1.0
4251,0.0
11731,0.0
18,0.0
17442,0.0
7569,0.0
8299,0.0
16008,1.0
13983,0.0
1244,0.0
2057,0.0
3209,0.0
1395,0.0
3971,0.0
6901,0.0
2221,0.0
17191,1.0
11636,0.0
1303,0.0
8535,0.0
8286,0.0
6599,0.0
15028,0.0
16292,0.0
644,0.0
5344,0.0
15758,0.0
11215,1.0
7453,0.0
14354,0.0
16083,0.0
8331,0.0
11219,0.0
288,0.0
14706,0.0
13532,0.0
17517,0.0
17081,0.0
781,0.0
8180,0.0
3311,1.0
12474,0.0
2644,0.0
7459,0.0
11476,0.0
10990,0.0
5020,0.0
12798,1.0
9334,0.0
15521,0.0
12629,0.0
6446,0.0
13137,0.0
4294,0.0
9322,0.0
17397,0.0
7948,0.0
4448,0.0
650,0.0
3249,0.0
11138,0.0
17504,0.0
15944,0.0
13501,0.0
12140,0.0
11759,0.0
4072,0.0
13917,0.0
13281,0.0
7285,0.0
2755,0.0
7179,0.0
13039,0.0
17288,0.0
10474,0.0
7109,0.0
9730,0.0
5618,0.0
13409,0.0
14887,0.0
14714,0.0
4999,0.0
16011,0.0
9359,0.0
12417,0.0
11966,0.0
3547,0.0
11836,1.0
1643,0.0
6123,0.0
17702,0.0
5985,0.0
13923,0.0
3678,0.0
1781,0.0
1173,0.0
17879,0.0
10964,0.0
15461,0.0
9770,0.0
17676,1.0
10101,0.0
17367,0.0
15331,0.0
9040,0.0
14914,0.0
15591,0.0
2938,0.0
1405,0.0
13128,0.0
4772,0.0
2754,0.0
13140,0.0
15325,0.0
9619,0.0
1746,0.0
16138,0.0
4164,0.0
10523,0.0
11587,0.0
17371,0.0
7028,0.0
2827,0.0
789,0.0
10370,0.0
7062,0.0
12368,1.0
2990,0.0
16910,0.0
8101,0.0
16424,0.0
13054,0.0
2839,1.0
9750,0.0
8486,0.0
6750,0.0
1815,0.0
3455,0.0
2415,0.0
6637,0.0
13890,0.0
10717,0.0
2017,0.0
10239,0.0
7739,0.0
4674,0.0
6822,0.0
11592,0.0
6847,0.0
8807,0.0
11225,0.0
7264,0.0
12258,0.0
15662,0.0
2823,0.0
204,0.0
14385,0.0
7894,0.0
7946,0.0
15643,0.0
10310,0.0
11388,0.0
982,0.0
9022,0.0
8834,0.0
15927,0.0
16075,0.0
6270,0.0
11612,0.0
11708,0.0
15779,0.0
12480,0.0
5152,0.0
14638,0.0
1820,0.0
17237,1.0
12468,0.0
4995,0.0
3743,0.0
16891,0.0
2216,0.0
7110,0.0
8575,0.0
11771,0.0
1210,0.0
10218,0.0
1947,0.0
13587,0.0
4780,0.0
13170,0.0
5801,0.0
4018,0.0
39,0.0
8175,0.0
6810,0.0
182,0.0
10656,0.0
10356,0.0
12071,0.0
1240,0.0
1346,0.0
509,0.0
10178,0.0
1259,0.0
16856,0.0
438,0.0
3605,0.0
17155,0.0
7783,0.0
11504,0.0
2317,0.0
4225,0.0
12605,0.0
15379,0.0
17561,0.0
4759,0.0
95,0.0
1838,0.0
951,0.0
16653,0.0
15037,0.0
13857,0.0
14521,0.0
6245,0.0
14780,0.0
1175,0.0
12009,0.0
14757,0.0
2230,0.0
3861,0.0
16026,0.0
1529,0.0
1738,0.0
13952,1.0
8500,0.0
14536,0.0
1251,1.0
13925,0.0
13142,0.0
2731,0.0
7589,0.0
14261,0.0
11,0.0
6794,0.0
9377,0.0
301,0.0
13552,0.0
8321,0.0
8444,0.0
2646,0.0
793,0.0
2209,0.0
12204,0.0
13268,0.0
8030,0.0
4493,0.0
9563,0.0
15402,0.0
10876,0.0
7130,0.0
6923,0.0
4673,0.0
2471,0.0
5162,0.0
4135,0.0
13397,0.0
7423,0.0
11425,0.0
3994,0.0
9313,0.0
1408,0.0
7755,0.0
16192,0.0
2800,0.0
15963,0.0
6014,0.0
12150,0.0
7399,0.0
13308,0.0
92,0.0
6211,0.0
15732,0.0
8769,0.0
12394,0.0
2763,0.0
15854,0.0
6397,0.0
14695,0.0
12484,0.0
7977,0.0
475,0.0
3495,0.0
16667,0.0
9893,0.0
17450,0.0
12418,0.0
12184,0.0
5447,0.0
80,0.0
12990,0.0
14012,0.0
13979,0.0
12879,0.0
17453,0.0
8306,0.0
7489,0.0
14118,0.0
3798,0.0
7864,0.0
10657,0.0
9559,0.0
2805,0.0
6000,0.0
1761,0.0
16172,0.0
8211,0.0
2060,0.0
15261,0.0
1007,0.0
9879,0.0
10196,0.0
571,0.0
10094,0.0
7524,0.0
5925,0.0
9726,0.0
16638,0.0
5458,0.0
13147,0.0
8671,0.0
329,0.0
7023,0.0
6165,0.0
6820,0.0
6905,0.0
7327,0.0
9298,0.0
12816,0.0
2963,0.0
742,0.0
754,0.0
14547,0.0
3505,0.0
12193,0.0
1380,0.0
12769,0.0
15445,0.0
463,0.0
17110,0.0
1269,0.0
15875,0.0
13193,0.0
9434,0.0
5165,0.0
4,0.0
953,0.0
10295,0.0
9711,0.0
11996,0.0
7892,0.0
8349,0.0
7965,0.0
8163,0.0
16744,0.0
7320,0.0
9905,0.0
4903,0.0
8443,0.0
4699,0.0
4257,0.0
5575,0.0
16395,0.0
8844,0.0
1123,0.0
5799,0.0
11175,0.0
4854,0.0
7007,0.0
11935,0.0
12602,0.0
6605,0.0
8073,0.0
6398,0.0
51,0.0
9840,0.0
11468,0.0
4093,1.0
6046,0.0
3422,0.0
10120,0.0
11895,0.0
8533,0.0
14011,0.0
3803,0.0
14978,0.0
1877,0.0
14734,0.0
7246,0.0
14200,0.0
7077,0.0
4698,0.0
8890,0.0
13276,0.0
8343,0.0
15383,0.0
15393,0.0
5476,0.0
6195,0.0
16997,0.0
3051,0.0
15517,0.0
11672,0.0
2229,0.0
2192,0.0
6523,0.0
5526,0.0
17503,0.0
12697,0.0
8952,1.0
14136,0.0
12217,0.0
9804,0.0
10285,0.0
13305,0.0
12913,0.0
15598,0.0
9854,0.0
16849,0.0
12681,0.0
4736,0.0
5371,0.0
11765,0.0
11929,0.0
849,0.0
1141,0.0
14932,0.0
16502,0.0
7202,0.0
14216,0.0
14069,0.0
16251,0.0
13753,0.0
2190,0.0
12198,0.0
12133,0.0
13746,0.0
5189,0.0
5832,0.0
15843,0.0
8401,0.0
17491,0.0
9876,0.0
3340,0.0
16129,0.0
13588,0.0
5167,0.0
12917,0.0
2375,0.0
9769,0.0
17363,0.0
5838,0.0
13957,0.0
16934,0.0
14785,0.0
11909,0.0
14193,0.0
12122,0.0
16162,0.0
10191,0.0
14317,0.0
9274,0.0
11597,0.0
12360,0.0
13047,0.0
8121,1.0
8881,0.0
6043,1.0
7037,0.0
8256,0.0
377,0.0
6553,0.0
6985,0.0
17768,0.0
4447,0.0
9023,0.0
2164,0.0
2780,0.0
682,0.0
17124,0.0
16474,0.0
16447,0.0
2099,0.0
16805,0.0
5395,0.0
5045,0.0
3862,0.0
11962,0.0
8031,0.0
5777,0.0
603,0.0
14805,0.0
6347,0.0
16336,0.0
16962,0.0
5936,0.0
5298,0.0
1729,0.0
3925,0.0
5538,0.0
13069,0.0
2394,0.0
8640,0.0
16122,0.0
12347,0.0
12161,0.0
17611,0.0
12735,0.0
10039,0.0
10059,0.0
207,0.0
17115,0.0
3235,0.0
2272,0.0
8409,0.0
12429,0.0
6262,0.0
927,0.0
11911,0.0
6488,0.0
3303,0.0
833,0.0
3573,0.0
2349,0.0
12777,1.0
8597,0.0
311,0.0
619,0.0
13046,0.0
14394,0.0
1009,0.0
4986,0.0
9701,0.0
7584,0.0
16503,0.0
6838,0.0
7088,0.0
1735,0.0
6963,0.0
17308,0.0
1998,0.0
16580,0.0
1900,0.0
8243,0.0
5305,0.0
4342,0.0
5425,0.0
4830,0.0
2285,0.0
290,1.0
15859,0.0
851,0.0
8707,0.0
12141,0.0
4354,0.0
14616,0.0
3187,0.0
2819,0.0
2676,0.0
16736,0.0
11446,0.0
16876,0.0
1481,0.0
15956,0.0
4756,0.0
10100,0.0
14052,0.0
8729,0.0
6333,0.0
5996,0.0
9048,0.0
6677,0.0
6932,0.0
13302,0.0
1327,0.0
10999,0.0
2773,0.0
14640,0.0
14802,0.0
9890,0.0
13741,0.0
1162,0.0
8613,0.0
3560,0.0
7845,0.0
2858,0.0
5332,0.0
13877,0.0
6160,0.0
1488,0.0
6880,0.0
7217,0.0
7082,0.0
3811,0.0
3947,0.0
9186,0.0
4044,0.0
9340,0.0
12428,0.0
11543,0.0
16259,0.0
11256,0.0
15716,0.0
6945,0.0
659,0.0
9241,0.0
2787,0.0
2023,0.0
15321,0.0
72,0.0
14623,1.0
8923,0.0
112,0.0
16485,0.0
13708,0.0
8005,0.0
8132,0.0
9482,0.0
6635,0.0
5487,0.0
67,0.0
10852,0.0
15399,0.0
16772,0.0
7751,0.0
2003,0.0
223,0.0
8255,0.0
7881,0.0
13732,0.0
11783,0.0
5759,1.0
4568,0.0
15484,0.0
17717,0.0
14992,0.0
3723,0.0
11582,0.0
3789,0.0
6542,0.0
15856,0.0
14122,0.0
13882,0.0
17552,0.0
9275,0.0
7003,0.0
14679,0.0
4512,0.0
5775,0.0
6903,0.0
775,0.0
5678,0.0
4811,0.0
6286,0.0
6951,0.0
13188,0.0
15076,0.0
13347,0.0
2781,0.0
17283,0.0
15618,0.0
4824,0.0
10200,0.0
15354,0.0
8697,0.0
8609,0.0
16961,0.0
767,0.0
8197,0.0
5587,0.0
1873,0.0
13191,0.0
9960,0.0
11527,0.0
7173,0.0
1869,0.0
9798,0.0
14181,0.0
11879,0.0
9165,0.0
8166,0.0
5306,0.0
8665,0.0
8029,0.0
17831,0.0
10628,0.0
14493,0.0
11320,0.0
9263,0.0
1896,0.0
383,1.0
14315,0.0
5323,0.0
9868,0.0
283,0.0
143,0.0
14407,0.0
9625,0.0
6842,0.0
13941,0.0
16821,0.0
15978,0.0
16690,0.0
13673,0.0
3668,0.0
7056,0.0
10246,0.0
6486,0.0
17780,0.0
16297,0.0
7188,0.0
10503,0.0
6227,0.0
15774,0.0
13658,0.0
196,0.0
10128,0.0
12667,0.0
15578,0.0
2456,0.0
8037,0.0
12255,0.0
17041,0.0
15726,0.0
13495,0.0
13987,0.0
10376,0.0
9282,0.0
17289,0.0
16779,0.0
2189,0.0
14253,0.0
5508,0.0
2225,1.0
632,0.0
6220,0.0
2710,0.0
15442,0.0
222,0.0
16169,0.0
16775,0.0
14945,1.0
10291,0.0
8652,0.0
3442,0.0
8984,0.0
12936,0.0
12683,0.0
1412,0.0
16414,0.0
2813,0.0
970,0.0
17239,0.0
11781,0.0
13991,0.0
14240,0.0
15258,0.0
14365,0.0
15249,0.0
7124,0.0
10723,0.0
10758,0.0
14314,1.0
8611,0.0
12062,0.0
10374,0.0
4236,0.0
11719,0.0
7841,0.0
2910,0.0
10052,0.0
1809,1.0
15634,0.0
15569,0.0
4587,0.0
9312,0.0
8772,0.0
9983,1.0
11995,0.0
1835,0.0
8041,0.0
3113,0.0
13110,0.0
12138,0.0
381,0.0
4204,0.0
4052,0.0
753,0.0
17564,0.0
16957,0.0
11919,0.0
8508,0.0
13669,0.0
8363,0.0
12598,0.0
14031,0.0
2563,0.0
12212,0.0
10754,0.0
10303,0.0
6083,0.0
17128,0.0
12733,0.0
2697,0.0
7275,0.0
1305,0.0
2472,0.0
9546,0.0
9858,0.0
319,0.0
17512,0.0
15546,0.0
10752,0.0
8067,0.0
2169,0.0
1336,0.0
8083,0.0
16665,0.0
13168,0.0
10520,0.0
9504,0.0
7574,0.0
9810,0.0
7942,0.0
2674,0.0
3091,0.0
433,0.0
4734,0.0
10842,0.0
6772,0.0
3738,0.0
16146,0.0
1455,0.0
12355,0.0
4142,0.0
9191,0.0
8412,0.0
15792,0.0
11862,0.0
11890,0.0
9076,0.0
7627,0.0
10699,0.0
16492,0.0
10860,1.0
8194,1.0
10230,0.0
2132,0.0
1111,0.0
12908,0.0
12366,0.0
12666,0.0
4933,0.0
10255,0.0
6045,0.0
12121,0.0
7203,0.0
9075,0.0
2307,0.0
1828,0.0
9774,0.0
14896,0.0
10574,0.0
5687,0.0
13885,0.0
7419,0.0
1423,0.0
10995,0.0
4038,0.0
7334,0.0
4701,0.0
9079,0.0
12893,0.0
11991,0.0
1345,0.0
13919,0.0
17393,0.0
11724,0.0
11657,0.0
15234,0.0
15403,0.0
3156,0.0
12723,0.0
2677,0.0
15789,0.0
2939,0.0
1880,0.0
4662,0.0
16578,1.0
4389,0.0
15640,0.0
7931,0.0
11627,0.0
526,0.0
7854,0.0
6670,0.0
2170,0.0
14221,0.0
16291,0.0
14456,0.0
6615,0.0
8977,0.0
7029,1.0
3227,0.0
13407,0.0
11045,0.0
13554,0.0
17586,0.0
17609,1.0
7198,0.0
17612,0.0
3567,0.0
17298,0.0
6740,0.0
17131,0.0
28,0.0
10421,0.0
396,0.0
10107,0.0
2713,0.0
5531,0.0
5095,0.0
13427,0.0
8376,0.0
10756,0.0
17652,0.0
7823,0.0
3331,0.0
16396,0.0
8492,0.0
15136,0.0
6565,1.0
5638,1.0
4277,0.0
9382,0.0
11837,0.0
10728,0.0
12106,0.0
8319,0.0
3059,0.0
11460,0.0
210,0.0
2004,0.0
5831,0.0
9476,0.0
2146,0.0
17837,0.0
8555,0.0
2273,0.0
15602,0.0
6969,0.0
15077,0.0
4496,0.0
8792,0.0
12182,0.0
443,0.0
1645,0.0
16679,0.0
3201,0.0
3542,0.0
5536,0.0
5824,0.0
17078,0.0
5161,0.0
13967,0.0
5050,1.0
5749,0.0
11134,0.0
16760,0.0
16673,1.0
4326,0.0
1851,0.0
15656,0.0
82,0.0
12032,0.0
2362,0.0
2625,0.0
5789,0.0
633,1.0
4103,0.0
11654,0.0
16930,0.0
8174,0.0
9054,0.0
1648,0.0
8122,0.0
13386,0.0
12453,0.0
13679,0.0
2603,0.0
15791,0.0
16768,0.0
16179,1.0
15420,0.0
7337,0.0
16727,0.0
8569,0.0
16009,0.0
8478,0.0
199,1.0
14281,0.0
13856,0.0
14095,0.0
954,0.0
11517,0.0
110,0.0
14360,0.0
16912,0.0
232,0.0
2985,0.0
15477,0.0
8556,0.0
7737,0.0
3980,0.0
14838,0.0
12806,0.0
16612,0.0
9646,0.0
2652,0.0
66,0.0
6606,0.0
4888,0.0
13703,0.0
15886,0.0
12159,0.0
9574,0.0
600,0.0
5615,0.0
17645,0.0
7261,1.0
14481,0.0
9817,0.0
4378,0.0
12094,0.0
3531,0.0
16794,0.0
14236,0.0
8543,0.0
1439,0.0
2808,0.0
2720,0.0
8887,0.0
8853,0.0
13522,0.0
9613,0.0
10471,0.0
7876,0.0
17138,0.0
9562,0.0
10323,0.0
11038,0.0
6747,0.0
7972,0.0
15612,0.0
1716,0.0
7891,0.0
12914,0.0
9532,0.0
7162,0.0
9992,0.0
15226,0.0
12737,0.0
458,0.0
16905,0.0
12249,0.0
13997,0.0
3527,0.0
15694,0.0
7833,0.0
15988,1.0
5719,0.0
3434,0.0
13,0.0
13424,0.0
9292,0.0
12395,0.0
6551,0.0
16840,0.0
9167,0.0
1688,0.0
2923,0.0
12543,0.0
2478,0.0
2390,0.0
17218,0.0
4801,0.0
11644,0.0
4265,0.0
2106,0.0
7606,0.0
4573,0.0
11945,0.0
2636,0.0
13704,0.0
5216,0.0
9155,0.0
13343,0.0
6366,0.0
428,0.0
8600,0.0
14893,0.0
14348,0.0
11961,0.0
14171,0.0
9251,0.0
16793,0.0
8537,0.0
14910,0.0
3141,0.0
16365,0.0
16274,0.0
12397,0.0
9113,0.0
8399,0.0
8521,0.0
2001,0.0
16590,0.0
14518,0.0
15072,0.0
2714,0.0
9956,0.0
1653,0.0
13809,0.0
15941,0.0
4157,0.0
4626,0.0
4083,0.0
406,0.0
4599,0.0
4666,0.0
11422,0.0
13189,0.0
10634,0.0
4386,0.0
7551,0.0
10357,0.0
16422,0.0
7360,0.0
7639,0.0
17692,0.0
6879,0.0
8943,0.0
3241,0.0
6242,0.0
3729,0.0
10861,0.0
7201,0.0
14793,0.0
7437,0.0
1894,0.0
16459,0.0
15121,0.0
10465,0.0
4847,0.0
2623,0.0
4048,0.0
17505,0.0
13955,0.0
11620,0.0
11615,0.0
16994,0.0
728,0.0
7517,0.0
4559,0.0
3108,0.0
8637,0.0
2961,0.0
9651,0.0
420,0.0
4399,0.0
2332,0.0
13931,0.0
5247,0.0
7478,0.0
16784,0.0
9566,0.0
16731,0.0
6248,0.0
11572,0.0
17619,1.0
11682,0.0
2123,0.0
15911,0.0
7191,0.0
10253,0.0
6207,0.0
4171,0.0
5843,0.0
16953,0.0
6508,0.0
2579,0.0
7086,0.0
9121,1.0
14373,0.0
4612,0.0
1266,0.0
13750,0.0
15157,0.0
11070,0.0
12824,0.0
3601,0.0
10781,0.0
17631,0.0
13050,0.0
16013,0.0
8704,0.0
10666,0.0
6865,0.0
14589,0.0
14220,0.0
8606,0.0
14897,0.0
9011,0.0
12888,0.0
5256,0.0
7979,0.0
13132,0.0
10971,0.0
15056,0.0
13496,0.0
8368,0.0
9470,0.0
3369,0.0
16229,0.0
1899,0.0
11441,0.0
5481,0.0
17429,0.0
5846,0.0
5090,0.0
14977,0.0
6698,0.0
135,0.0
16860,1.0
9781,0.0
6362,0.0
14505,0.0
900,0.0
1867,0.0
7623,0.0
99,0.0
15286,0.0
5031,0.0
10617,0.0
370,0.0
7763,0.0
5826,0.0
5735,0.0
8224,0.0
10948,0.0
6973,1.0
6163,0.0
12502,0.0
11343,0.0
8762,0.0
14950,0.0
14115,0.0
8914,1.0
4108,1.0
17107,0.0
2467,0.0
6478,0.0
513,0.0
7102,0.0
6877,0.0
10856,0.0
11324,0.0
10688,0.0
12922,0.0
5053,0.0
11967,0.0
17755,0.0
17544,0.0
2662,0.0
8095,0.0
8904,0.0
388,0.0
12872,0.0
7339,0.0
3945,0.0
9464,0.0
3708,0.0
7294,0.0
11463,0.0
15750,0.0
11788,0.0
17201,0.0
3484,0.0
12413,0.0
6168,0.0
5009,0.0
4680,0.0
16937,0.0
16898,0.0
8519,0.0
1668,0.0
10176,0.0
5406,0.0
214,0.0
2412,0.0
12498,0.0
13888,1.0
4660,0.0
6329,0.0
11957,0.0
11599,0.0
2113,0.0
6241,0.0
4255,0.0
11776,0.0
1282,0.0
4555,0.0
15470,0.0
17711,0.0
11353,0.0
5840,1.0
17127,0.0
2131,0.0
15871,0.0
11013,1.0
8035,1.0
9757,0.0
17232,0.0
5495,1.0
8329,0.0
13077,0.0
11687,0.0
9954,0.0
12989,0.0
3530,0.0
1789,0.0
14197,0.0
12943,1.0
14824,0.0
3750,0.0
9296,0.0
2056,0.0
7796,0.0
5830,0.0
8875,0.0
13242,0.0
2846,0.0
8188,0.0
11727,1.0
9016,0.0
4102,0.0
6462,0.0
16404,0.0
8039,0.0
11884,0.0
2916,0.0
11920,0.0
1350,0.0
12363,0.0
9608,0.0
17687,0.0
10771,0.0
11953,0.0
12931,0.0
5014,0.0
8183,0.0
14993,0.0
15333,0.0
6891,0.0
13067,1.0
9173,0.0
16833,0.0
12251,0.0
6804,0.0
3103,0.0
9178,0.0
13965,0.0
14948,0.0
15776,0.0
1321,0.0
9352,0.0
16901,0.0
9047,0.0
13494,0.0
7140,0.0
16355,0.0
482,0.0
9617,0.0
1078,0.0
13378,0.0
7262,0.0
16683,0.0
570,0.0
13666,0.0
4115,0.0
3718,0.0
14928,0.0
11318,1.0
8482,0.0
749,0.0
11663,0.0
13670,0.0
5728,0.0
10549,0.0
139,0.0
5285,0.0
221,0.0
4445,0.0
7611,0.0
12107,0.0
10782,0.0
15999,0.0
16672,0.0
9465,0.0
9982,0.0
1260,0.0
11754,0.0
13824,0.0
12954,0.0
11401,0.0
422,0.0
15161,0.0
1612,0.0
17690,0.0
10320,0.0
14049,0.0
7815,0.0
4937,0.0
14209,0.0
6077,0.0
3267,0.0
10958,0.0
5816,0.0
165,0.0
8775,0.0
12114,0.0
17863,0.0
13712,0.0
4799,0.0
6054,0.0
13024,0.0
6707,0.0
3236,0.0
5377,0.0
17250,0.0
5593,0.0
8912,0.0
13317,0.0
15928,0.0
4721,0.0
7072,0.0
2433,0.0
15910,0.0
4882,0.0
11206,0.0
10663,0.0
8515,0.0
9004,0.0
7789,0.0
74,0.0
867,0.0
2364,0.0
887,0.0
5868,0.0
13351,1.0
17663,0.0
14585,0.0
10496,0.0
13450,0.0
47,0.0
17783,0.0
6407,1.0
13443,0.0
8900,0.0
6803,0.0
2152,0.0
16602,0.0
14155,0.0
10572,0.0
16837,0.0
8262,0.0
12053,0.0
10658,0.0
6583,0.0
402,0.0
15030,0.0
5909,0.0
1895,0.0
14995,1.0
8081,1.0
12590,0.0
17758,0.0
15081,1.0
12771,0.0
4613,0.0
12910,0.0
13665,0.0
13017,0.0
16505,0.0
8748,0.0
2128,0.0
13599,0.0
6039,0.0
14595,0.0
1454,0.0
14835,0.0
9258,0.0
7076,0.0
17581,0.0
10711,0.0
6495,0.0
7434,0.0
5339,0.0
5553,0.0
7229,0.0
2381,0.0
15363,0.0
10924,0.0
9493,0.0
11117,0.0
16089,0.0
11294,0.0
5237,1.0
17633,0.0
16114,0.0
12827,0.0
14758,0.0
9444,0.0
1352,0.0
8777,0.0
9570,0.0
14430,0.0
15416,0.0
6029,0.0
3963,0.0
13692,0.0
7715,0.0
2514,0.0
10217,0.0
13671,0.0
17198,0.0
4982,0.0
13487,0.0
4082,0.0
5224,0.0
2111,0.0
12098,0.0
14763,0.0
9056,0.0
2276,0.0
16287,0.0
7777,0.0
17040,0.0
11816,0.0
6608,0.0
1955,0.0
8353,0.0
15479,0.0
8054,0.0
4791,1.0
50,0.0
16216,0.0
5959,0.0
4938,0.0
5916,0.0
2082,0.0
9977,0.0
16144,0.0
13052,0.0
3976,0.0
5961,0.0
15879,1.0
9089,0.0
3871,0.0
7615,0.0
10533,0.0
17088,0.0
3212,0.0
15898,0.0
11690,0.0
1750,0.0
8202,0.0
8057,0.0
11030,0.0
8620,0.0
15897,0.0
8182,0.0
10561,0.0
15699,0.0
621,0.0
9624,0.0
1717,0.0
16343,0.0
3361,0.0
3597,0.0
4902,0.0
10428,0.0
14391,0.0
1610,0.0
1539,0.0
10475,0.0
10237,0.0
5739,0.0
3623,1.0
6251,0.0
15318,0.0
17402,1.0
16561,0.0
7846,0.0
15671,0.0
1690,0.0
1662,0.0
14498,0.0
16079,0.0
13499,0.0
13312,1.0
9859,0.0
3523,0.0
11505,0.0
6869,0.0
13156,0.0
5809,1.0
17518,0.0
10259,0.0
1379,0.0
6970,0.0
14017,0.0
2501,0.0
7093,0.0
11056,0.0
9621,0.0
14378,0.0
15636,1.0
524,0.0
6363,0.0
15205,0.0
7000,0.0
12630,0.0
8699,0.0
3329,0.0
1424,0.0
14818,0.0
9527,0.0
17204,1.0
4113,0.0
5944,0.0
10164,0.0
9477,0.0
4222,0.0
14188,0.0
2140,0.0
1161,0.0
9614,0.0
12950,0.0
9585,0.0
12493,0.0
14030,0.0
11279,0.0
14962,0.0
15768,0.0
6178,0.0
2982,0.0
15893,0.0
2428,1.0
5348,0.0
9528,0.0
10857,0.0
14112,0.0
17196,0.0
2527,0.0
10826,0.0
201,0.0
16299,0.0
8880,0.0
15973,1.0
2944,0.0
15855,0.0
10277,0.0
6660,0.0
1903,0.0
3640,0.0
3568,0.0
12754,0.0
16581,0.0
11628,0.0
9565,0.0
931,0.0
4478,0.0
12570,0.0
16150,0.0
10929,0.0
13451,0.0
1810,0.0
15741,0.0
8967,0.0
10579,0.0
14996,0.0
10546,0.0
1230,0.0
1912,0.0
6562,0.0
15625,0.0
2844,0.0
11455,0.0
13836,0.0
10192,0.0
3884,0.0
16662,0.0
2411,0.0
15512,0.0
10518,0.0
1032,0.0
419,0.0
10425,0.0
9694,0.0
14265,0.0
3867,0.0
13264,0.0
342,0.0
16045,0.0
12025,0.0
6745,0.0
14443,0.0
13899,0.0
1641,0.0
4050,0.0
17399,0.0
15035,0.0
8070,0.0
1923,0.0
6981,0.0
1074,0.0
16301,0.0
14025,0.0
4590,0.0
17431,0.0
8364,0.0
651,0.0
13646,0.0
16410,0.0
10397,0.0
2701,0.0
7087,0.0
14077,0.0
15738,0.0
14530,0.0
14597,0.0
16282,0.0
12054,0.0
11794,0.0
7090,0.0
16483,1.0
16890,0.0
10335,0.0
15669,0.0
16057,0.0
3903,0.0
10895,0.0
3585,0.0
16547,0.0
1420,0.0
4256,0.0
4466,0.0
2308,0.0
2417,0.0
15990,0.0
5203,0.0
10170,0.0
8377,0.0
2185,0.0
2926,0.0
2588,0.0
6555,0.0
15835,0.0
6933,0.0
16218,0.0
16527,0.0
8997,0.0
10998,0.0
2293,0.0
918,0.0
6662,0.0
9317,0.0
3341,0.0
10186,0.0
4338,0.0
8390,0.0
15954,0.0
13999,0.0
15798,0.0
9683,0.0
5668,0.0
1081,0.0
10325,0.0
4579,1.0
16246,0.0
16087,0.0
3073,0.0
14457,0.0
16264,0.0
5394,0.0
2976,0.0
16560,0.0
7832,0.0
8090,0.0
9852,0.0
2736,0.0
3006,0.0
1159,0.0
7122,0.0
16825,0.0
5552,0.0
7926,0.0
10108,0.0
3101,0.0
5379,0.0
108,0.0
4574,0.0
17878,0.0
6762,1.0
12016,0.0
9892,0.0
10565,0.0
16575,0.0
3896,0.0
10015,0.0
11135,0.0
4872,0.0
14605,0.0
2115,0.0
678,0.0
7193,0.0
3269,0.0
3373,0.0
15221,0.0
5583,0.0
1310,0.0
8670,0.0
8289,0.0
6782,0.0
15946,0.0
6984,0.0
10085,0.0
5263,0.0
6384,0.0
15115,0.0
5923,0.0
4603,0.0
12518,0.0
358,0.0
9452,0.0
16919,0.0
3614,0.0
17129,0.0
15139,0.0
4137,0.0
9911,0.0
17880,0.0
13477,0.0
11843,0.0
9709,0.0
3508,0.0
15557,0.0
9234,0.0
10898,0.0
10943,0.0
16221,0.0
2160,0.0
3218,0.0
4329,0.0
5253,0.0
3170,0.0
15025,0.0
17867,0.0
12838,0.0
14026,0.0
1938,0.0
4264,0.0
8259,0.0
12336,0.0
11952,0.0
13976,0.0
7629,0.0
1916,0.0
2633,0.0
3181,0.0
898,0.0
6571,0.0
117,0.0
10849,0.0
7165,0.0
9190,0.0
4078,0.0
100,0.0
2010,0.0
6216,0.0
11734,0.0
13960,0.0
15466,0.0
9821,0.0
16211,0.0
16425,0.0
16451,0.0
5997,0.0
7985,0.0
7491,0.0
2162,0.0
7716,0.0
15456,0.0
10136,0.0
7417,0.0
8234,0.0
12097,0.0
10602,0.0
7454,0.0
8693,1.0
5740,0.0
5275,1.0
6011,0.0
9410,0.0
6193,0.0
6377,0.0
15283,0.0
1607,0.0
658,0.0
9923,0.0
1440,0.0
13375,0.0
1848,1.0
1378,0.0
16942,0.0
8610,0.0
9128,0.0
9573,0.0
4693,0.0
8877,0.0
9932,0.0
17588,0.0
4310,0.0
16926,0.0
9538,0.0
320,0.0
2806,0.0
13632,0.0
14554,1.0
17546,0.0
17760,1.0
10784,0.0
17415,1.0
3995,0.0
5773,0.0
8931,0.0
560,0.0
8929,0.0
9270,0.0
617,0.0
12301,0.0
14083,0.0
8062,0.0
8576,0.0
188,0.0
8173,1.0
12729,0.0
1878,0.0
14925,0.0
1491,0.0
15197,0.0
4028,0.0
12194,0.0
2554,0.0
6414,0.0
2330,0.0
1190,0.0
8204,0.0
5202,0.0
11273,0.0
11448,0.0
6874,0.0
16209,0.0
5768,0.0
15395,0.0
16435,0.0
9732,0.0
15958,0.0
5698,0.0
3744,0.0
363,0.0
3864,0.0
2729,0.0
467,0.0
1530,0.0
7049,0.0
5190,0.0
14287,0.0
13414,0.0
13821,0.0
13372,0.0
12506,0.0
3117,0.0
101,0.0
4242,0.0
11887,0.0
10687,0.0
12139,0.0
6552,0.0
3553,0.0
3011,0.0
14890,0.0
17026,0.0
10818,0.0
12899,0.0
14147,0.0
9747,0.0
11899,0.0
4909,0.0
7513,0.0
9266,0.0
6284,0.0
4996,0.0
7245,0.0
8301,0.0
13404,0.0
16068,0.0
8288,0.0
7081,0.0
10400,0.0
9194,0.0
17814,1.0
13056,0.0
4828,0.0
15951,0.0
738,0.0
14903,0.0
11287,0.0
3712,0.0
17344,0.0
6106,0.0
11623,1.0
10600,0.0
4505,0.0
12353,0.0
1722,0.0
17519,0.0
13762,1.0
10346,0.0
1678,0.0
6975,0.0
9628,0.0
17216,0.0
1238,0.0
8793,0.0
1786,0.0
3800,0.0
2967,0.0
1436,0.0
12743,0.0
716,0.0
1709,0.0
5664,0.0
2388,0.0
16332,0.0
896,1.0
15015,0.0
7975,0.0
15934,0.0
17501,0.0
11903,0.0
16007,0.0
9169,0.0
11385,0.0
723,0.0
1804,0.0
12343,0.0
5123,0.0
17634,0.0
150,0.0
13428,0.0
12160,0.0
17061,0.0
8804,0.0
12708,0.0
3034,0.0
6212,0.0
13430,0.0
10403,0.0
5459,0.0
13000,0.0
13691,0.0
16441,1.0
8061,0.0
11101,0.0
9211,0.0
4301,0.0
12524,0.0
14779,0.0
4585,0.0
1218,0.0
4145,0.0
2368,0.0
14438,0.0
8496,0.0
5175,0.0
16778,0.0
9192,0.0
13274,0.0
5920,0.0
14777,0.0
4280,0.0
4965,0.0
3769,0.0
17479,0.0
12005,0.0
6371,0.0
8257,0.0
10730,0.0
14716,0.0
14263,0.0
16870,0.0
11365,0.0
8305,0.0
3230,0.0
624,0.0
14448,0.0
11857,0.0
9787,0.0
4021,0.0
5105,0.0
8159,0.0
7458,0.0
17094,0.0
2651,0.0
304,1.0
3571,0.0
11354,0.0
2852,0.0
7150,1.0
1657,0.0
11753,1.0
17439,1.0
15629,0.0
9906,0.0
569,0.0
8102,0.0
7507,0.0
13161,0.0
13203,0.0
12001,0.0
4243,0.0
5047,0.0
470,0.0
15817,0.0
12859,0.0
5743,0.0
1943,0.0
548,0.0
5711,0.0
15969,0.0
6071,0.0
14580,0.0
17329,0.0
12305,0.0
4787,0.0
13701,0.0
11049,0.0
11469,0.0
6549,0.0
17738,1.0
3157,0.0
12291,0.0
5281,1.0
1047,0.0
4009,0.0
16096,0.0
15920,0.0
15880,0.0
11573,0.0
14090,0.0
613,0.0
9937,0.0
2052,0.0
264,0.0
1224,0.0
16553,0.0
1987,0.0
5662,1.0
12223,0.0
11840,0.0
2722,0.0
14828,0.0
17336,0.0
3244,0.0
6041,0.0
11139,0.0
11648,0.0
1918,0.0
1231,0.0
4835,0.0
14861,0.0
2810,0.0
1256,0.0
1158,0.0
14290,0.0
6524,0.0
15952,0.0
3710,0.0
12419,0.0
17299,0.0
9380,0.0
11065,0.0
2705,0.0
12815,0.0
11618,0.0
525,0.0
11044,0.0
4066,0.0
9150,0.0
1609,0.0
1734,0.0
9702,0.0
1979,0.0
8626,1.0
7544,0.0
15240,0.0
9012,0.0
13631,0.0
691,0.0
8593,0.0
15725,0.0
2724,0.0
14280,0.0
11443,0.0
17752,0.0
807,0.0
625,0.0
12580,0.0
15419,0.0
1993,0.0
11688,0.0
9461,0.0
15192,0.0
12727,0.0
7587,0.0
1151,0.0
7747,0.0
17607,0.0
4722,0.0
9331,0.0
213,0.0
3462,0.0
7405,0.0
12626,0.0
14916,0.0
6089,0.0
1029,0.0
12069,0.0
13102,0.0
11267,0.0
16266,0.0
8485,0.0
3225,0.0
519,0.0
15720,0.0
2357,0.0
6036,0.0
11120,0.0
4967,0.0
4366,0.0
4055,0.0
15531,0.0
121,0.0
684,0.0
10208,0.0
85,0.0
16123,0.0
3476,0.0
4960,0.0
13608,0.0
7362,0.0
16413,0.0
747,0.0
4822,0.0
5127,0.0
4700,0.0
4487,0.0
14339,0.0
16524,0.0
11676,0.0
6161,0.0
10440,0.0
5977,0.0
16641,0.0
17291,1.0
2491,0.0
14116,0.0
1077,1.0
720,0.0
13058,0.0
16842,0.0
1477,0.0
1347,0.0
11578,0.0
1457,0.0
14417,0.0
1759,0.0
11308,0.0
6159,0.0
4443,0.0
4161,0.0
17245,0.0
5501,0.0
3509,0.0
3290,0.0
16576,0.0
9104,1.0
3467,0.0
9068,0.0
5528,0.0
4330,0.0
2476,0.0
6815,0.0
9443,0.0
6919,0.0
3569,1.0
10765,0.0
5713,0.0
11199,0.0
9950,0.0
10820,0.0
3224,0.0
3578,0.0
12600,0.0
9172,0.0
17696,0.0
686,0.0
7736,0.0
8277,0.0
17532,0.0
1300,0.0
14534,0.0
8419,0.0
15967,1.0
15238,0.0
4481,0.0
3088,0.0
10225,0.0
13357,0.0
1186,0.0
4469,1.0
3094,0.0
16800,0.0
16918,0.0
14558,0.0
1279,0.0
3555,0.0
4370,1.0
14110,0.0
15111,0.0
14749,1.0
3556,0.0
2376,0.0
1808,1.0
10982,0.0
12158,0.0
5869,0.0
13218,0.0
5374,0.0
15594,0.0
5781,0.0
10494,0.0
17507,0.0
4134,0.0
15405,0.0
17176,0.0
12544,0.0
14736,0.0
5294,0.0
11501,0.0
17137,0.0
12202,0.0
15227,0.0
6340,1.0
11113,0.0
9578,0.0
15219,0.0
17046,0.0
17596,0.0
14397,0.0
9276,0.0
10396,0.0
5029,0.0
5625,0.0
5657,0.0
12181,0.0
2878,0.0
16841,0.0
2613,0.0
1073,0.0
8001,0.0
11201,0.0
8981,0.0
3452,0.0
10607,0.0
124,0.0
9851,0.0
15864,0.0
2727,0.0
15904,0.0
12561,0.0
2884,0.0
9049,0.0
16511,0.0
11146,0.0
15327,0.0
4683,0.0
3243,1.0
11200,0.0
15821,0.0
16155,0.0
15145,0.0
16834,0.0
11299,0.0
14798,0.0
1948,0.0
13369,0.0
8588,0.0
1288,1.0
16135,0.0
17338,0.0
12325,0.0
17242,0.0
14583,0.0
6023,0.0
13846,0.0
7565,0.0
9440,0.0
1468,0.0
14374,0.0
15241,0.0
11464,0.0
13786,0.0
13267,0.0
16408,0.0
10227,0.0
14203,0.0
14244,0.0
1737,0.0
4284,0.0
3175,0.0
12286,0.0
17161,0.0
14634,0.0
16546,0.0
6825,0.0
713,0.0
3882,0.0
16390,0.0
2656,0.0
2265,0.0
6575,0.0
9431,0.0
9483,0.0
10007,0.0
7871,0.0
15540,0.0
12186,0.0
9792,0.0
2986,0.0
13310,0.0
6451,0.0
17240,0.0
8771,0.0
5822,0.0
11685,0.0
11970,0.0
12615,0.0
8608,1.0
3140,0.0
16321,0.0
7940,0.0
1393,0.0
7156,0.0
3395,0.0
13845,0.0
9193,0.0
15837,0.0
14482,0.0
10133,0.0
16649,0.0
7973,0.0
14639,0.0
8690,1.0
17841,0.0
17641,0.0
10940,0.0
14731,0.0
17675,1.0
3237,0.0
17102,0.0
17354,0.0
13928,0.0
6802,0.0
679,0.0
10441,0.0
14684,0.0
3014,0.0
3768,0.0
10530,0.0
10511,0.0
3653,0.0
12035,0.0
5243,0.0
1692,0.0
12677,0.0
11653,0.0
3874,0.0
9388,0.0
6643,0.0
5990,0.0
16391,0.0
16086,0.0
2761,0.0
8969,0.0
12383,0.0
6720,0.0
17097,0.0
17490,0.0
9391,0.0
1375,0.0
14651,0.0
11589,0.0
815,0.0
577,0.0
2314,0.0
14907,0.0
3054,0.0
17162,0.0
14878,0.0
7519,0.0
4323,0.0
11730,0.0
7286,0.0
15524,0.0
12384,0.0
11547,0.0
1533,0.0
10594,0.0
626,0.0
9061,0.0
10691,0.0
5462,0.0
8435,0.0
15645,0.0
8845,0.0
2952,0.0
17625,0.0
6019,0.0
13812,0.0
5278,0.0
10548,0.0
9753,0.0
7758,0.0
3375,0.0
757,0.0
5333,0.0
573,0.0
3621,0.0
379,0.0
4497,0.0
16437,1.0
5420,0.0
8137,0.0
11016,0.0
8220,0.0
1514,0.0
12944,0.0
378,0.0
341,0.0
2592,0.0
9418,0.0
11295,0.0
15046,0.0
12581,0.0
4402,0.0
4053,0.0
1452,0.0
3680,0.0
16285,1.0
10734,0.0
3953,0.0
2409,0.0
568,0.0
11804,0.0
17751,0.0
1413,0.0
8813,0.0
16421,0.0
5066,0.0
16306,0.0
16940,0.0
10480,0.0
14389,0.0
13547,0.0
229,0.0
9349,0.0
9338,0.0
16988,0.0
2973,0.0
13307,0.0
9741,0.0
2336,0.0
9339,0.0
7520,0.0
17280,0.0
7913,0.0
3887,0.0
6863,0.0
564,0.0
7330,0.0
13783,0.0
13823,0.0
13282,0.0
11427,0.0
8590,0.0
11386,0.0
7111,0.0
2871,0.0
3144,0.0
3122,0.0
15256,0.0
9708,0.0
5011,1.0
15355,1.0
2454,0.0
15475,0.0
5409,0.0
449,0.0
17496,0.0
14830,0.0
17419,0.0
16186,0.0
9457,0.0
17282,0.0
2643,0.0
2707,0.0
7297,0.0
701,0.0
17853,0.0
6074,0.0
4891,0.0
5296,0.0
5880,0.0
4604,0.0
1659,0.0
10760,0.0
8022,0.0
13270,0.0
10447,0.0
16494,0.0
9238,0.0
6993,0.0
10880,0.0
3350,0.0
8819,0.0
7139,0.0
8372,0.0
9664,0.0
5686,0.0
4929,0.0
10670,0.0
9408,0.0
17123,0.0
11057,0.0
9090,0.0
11773,0.0
7171,0.0
9242,0.0
7145,0.0
9584,0.0
3566,0.0
12542,0.0
663,0.0
6777,0.0
13327,0.0
5655,0.0
16498,0.0
11341,0.0
13624,0.0
14422,0.0
12515,0.0
9447,0.0
895,0.0
9374,0.0
14755,0.0
12406,0.0
307,0.0
1106,0.0
3727,0.0
6908,0.0
11285,0.0
649,0.0
12512,0.0
7886,0.0
9404,0.0
11110,0.0
17158,0.0
4631,0.0
9244,0.0
4865,0.0
4545,0.0
6846,0.0
9853,0.0
1800,0.0
16284,0.0
5710,0.0
5062,0.0
4650,0.0
12744,0.0
16241,0.0
11230,0.0
2366,0.0
2629,0.0
5953,0.0
15027,0.0
17125,0.0
884,0.0
7677,0.0
1656,0.0
4942,0.0
3228,0.0
14262,0.0
12803,0.0
6875,0.0
15375,0.0
13569,0.0
5443,0.0
7607,0.0
6243,0.0
116,0.0
11980,0.0
4114,0.0
90,0.0
11522,0.0
192,0.0
17810,0.0
9222,0.0
2928,0.0
1944,0.0
13819,0.0
11111,0.0
1072,0.0
14364,0.0
6232,0.0
7784,0.0
7675,0.0
10489,0.0
1724,0.0
562,0.0
2318,1.0
1556,1.0
810,0.0
1004,0.0
9558,0.0
4455,0.0
9652,0.0
15269,0.0
2865,0.0
8585,0.0
11163,0.0
411,0.0
14288,0.0
12689,0.0
8052,0.0
16735,0.0
17034,0.0
8810,0.0
4032,0.0
5607,0.0
8068,0.0
3620,0.0
5931,0.0
12927,1.0
8713,0.0
10748,0.0
7340,0.0
9888,0.0
7656,0.0
7448,0.0
11022,0.0
14492,1.0
10398,0.0
14778,0.0
4270,0.0
5862,0.0
12559,0.0
925,0.0
17379,0.0
14643,0.0
13677,0.0
15728,0.0
11237,0.0
4819,0.0
9458,0.0
11691,0.0
102,0.0
3763,0.0
9122,0.0
12385,0.0
11362,0.0
462,0.0
5632,0.0
2021,0.0
17251,0.0
1167,0.0
10141,0.0
6956,0.0
1356,0.0
15995,0.0
4436,0.0
10853,0.0
10110,0.0
16729,0.0
1091,0.0
1388,0.0
1882,0.0
17084,0.0
16480,0.0
13076,0.0
2670,0.0
5612,0.0
9807,0.0
17864,0.0
13021,0.0
4697,0.0
8773,0.0
14068,0.0
5935,0.0
2238,0.0
17093,0.0
12038,0.0
13005,0.0
16136,0.0
8814,0.0
7929,0.0
7218,0.0
813,0.0
10275,0.0
12717,0.0
10352,0.0
7376,0.0
4094,0.0
7706,0.0
1901,0.0
3822,0.0
8687,0.0
11360,0.0
2796,0.0
2037,0.0
335,0.0
4551,0.0
8893,0.0
9286,0.0
2799,0.0
7598,0.0
339,0.0
16463,1.0
3133,0.0
8394,0.0
709,0.0
12988,0.0
16322,0.0
7667,0.0
2208,0.0
16559,0.0
11503,0.0
6364,0.0
1177,0.0
6157,0.0
8086,0.0
2449,0.0
15608,0.0
11529,0.0
8042,0.0
13535,0.0
16003,0.0
16963,0.0
3522,0.0
4961,0.0
10086,0.0
9717,0.0
14161,0.0
7348,0.0
2940,0.0
1518,0.0
2009,0.0
3526,0.0
7838,0.0
4148,0.0
3439,0.0
5758,0.0
7347,0.0
11747,0.0
9324,0.0
1114,0.0
13654,0.0
11700,0.0
12315,0.0
9722,0.0
4119,0.0
12837,0.0
16037,0.0
1963,0.0
16392,0.0
16866,0.0
6419,0.0
2231,0.0
9554,0.0
10611,0.0
9871,0.0
752,0.0
17779,0.0
5962,0.0
11451,0.0
10749,0.0
410,0.0
10087,0.0
71,0.0
7041,0.0
6020,0.0
15698,0.0
10977,0.0
14627,0.0
15504,0.0
2574,0.0
11102,0.0
3349,0.0
2391,0.0
10986,0.0
17246,0.0
4030,0.0
11695,0.0
11673,0.0
3914,0.0
12728,0.0
2157,0.0
13903,0.0
16458,0.0
14337,0.0
2998,0.0
14486,0.0
11603,0.0
6667,0.0
9259,0.0
1660,0.0
7859,0.0
7293,0.0
5468,0.0
6948,0.0
17680,0.0
9877,0.0
3404,0.0
12242,0.0
8284,0.0
12454,0.0
17688,0.0
7575,0.0
13260,0.0
4809,0.0
1932,0.0
2719,0.0
5938,0.0
17324,0.0
2978,0.0
5116,0.0
1460,0.0
4897,0.0
2296,0.0
9127,0.0
3675,0.0
10798,0.0
9376,0.0
4593,0.0
10647,0.0
14066,0.0
14703,0.0
59,0.0
11413,0.0
8879,1.0
7531,0.0
9344,0.0
14874,0.0
12442,1.0
5887,0.0
9953,0.0
5703,0.0
5572,0.0
7265,0.0
2436,0.0
12850,1.0
502,0.0
7522,0.0
8959,0.0
8112,0.0
11359,0.0
12978,0.0
4681,0.0
13755,0.0
11643,0.0
12562,0.0
16181,0.0
2638,1.0
4934,0.0
4340,0.0
7463,0.0
7903,0.0
1223,0.0
15987,0.0
7255,0.0
16976,0.0
13945,0.0
14409,0.0
9491,0.0
5559,1.0
4536,0.0
5470,0.0
5030,0.0
15180,0.0
13944,0.0
9036,0.0
6515,0.0
17011,0.0
12842,0.0
5555,0.0
17857,0.0
2783,0.0
17362,0.0
9384,0.0
9006,0.0
4853,0.0
2968,0.0
938,0.0
3223,0.0
4037,0.0
334,0.0
11706,0.0
16190,0.0
15935,0.0
5738,0.0
7371,0.0
14371,0.0
14022,0.0
7819,1.0
8768,0.0
7258,0.0
3657,0.0
2587,0.0
17492,0.0
14790,0.0
7813,0.0
1952,0.0
9203,0.0
16845,0.0
5514,0.0
5048,0.0
2960,0.0
4289,0.0
12646,0.0
4096,0.0
480,0.0
6784,0.0
2174,0.0
13043,0.0
10515,0.0
16368,0.0
11187,0.0
15664,0.0
15759,0.0
8152,0.0
13126,0.0
17316,1.0
8294,0.0
11973,0.0
12037,0.0
435,0.0
6399,0.0
13481,0.0
2030,0.0
10698,0.0
13379,0.0
13518,0.0
11334,0.0
15562,0.0
6334,0.0
14919,0.0
11108,0.0
15322,0.0
16428,0.0
17679,0.0
15092,0.0
8357,0.0
8156,0.0
647,0.0
10365,1.0
865,0.0
10703,0.0
786,0.0
11266,0.0
2078,0.0
13366,1.0
9987,0.0
7021,0.0
14676,0.0
10159,0.0
17658,0.0
12533,0.0
3780,0.0
9297,0.0
11300,0.0
3055,0.0
4178,0.0
12814,0.0
963,0.0
5941,0.0
16601,0.0
4285,0.0
3787,0.0
218,1.0
17035,0.0
6383,0.0
2523,0.0
16639,0.0
10708,0.0
5946,0.0
12393,0.0
15446,0.0
1257,0.0
13194,1.0
4591,0.0
2989,0.0
2879,0.0
16809,0.0
13202,0.0
14179,0.0
3736,0.0
12378,0.0
11402,0.0
15443,0.0
414,0.0
4151,0.0
15692,0.0
4806,0.0
9411,0.0
17166,0.0
16535,0.0
11229,0.0
11092,0.0
16965,1.0
4769,0.0
16393,0.0
12331,0.0
3301,0.0
3417,0.0
521,0.0
61,0.0
2820,0.0
10125,0.0
1934,0.0
6179,0.0
11472,0.0
16985,0.0
1247,0.0
8024,0.0
889,0.0
15891,0.0
10690,0.0
1569,0.0
595,0.0
15458,0.0
5639,0.0
11477,0.0
2894,0.0
16747,0.0
6595,0.0
13791,0.0
9284,0.0
17347,0.0
2874,0.0
5904,0.0
12292,0.0
13212,0.0
5028,0.0
5562,1.0
17139,0.0
8806,0.0
13457,0.0
17405,0.0
